AUC,PR_AUC,Precision,Recall,F1,Accuracy,PosEdges,InputGraph,TargetGraph,InputEdges,TargetEdges,Scenario,Seed,BestEpoch
0.9826722300336702,0.9884878477590371,0.6532396297565992,0.9864112851041802,0.785975766950245,0.7313964022259609,7727,1291,1292,6489,7727,low_density,0,38
0.9749421836276786,0.983358168132753,0.6532843184676406,0.9805430521271962,0.7841384115188109,0.730071148540729,6887,546,547,6850,6887,low_density,0,38
0.9806916537052348,0.9878212505886997,0.6535520748274071,0.9828086626479124,0.7850550626421151,0.7309109176155392,8958,696,697,6405,8958,low_density,0,38
0.9649745136493567,0.9788825414488352,0.6466766616691654,0.9642324888226528,0.7741549506431349,0.7187034277198212,6710,1166,1167,5621,6710,low_density,0,38
0.9695022019099432,0.981079124611722,0.6477545575811472,0.9731462925851704,0.7777896422851042,0.7219772879091516,7485,1423,1424,6910,7485,low_density,0,38
0.964796495096558,0.9768084013359283,0.6489719626168224,0.9714605484051483,0.7781264007171672,0.7229994404029099,7148,1431,1432,6872,7148,low_density,0,38
0.9788285182213206,0.986085021645342,0.6512227840264163,0.9822568093385214,0.7831968230330106,0.7280933852140078,6425,1326,1327,6846,6425,low_density,0,38
0.9582794068086244,0.973874174395892,0.6441014959288014,0.9576295045045045,0.7701800067927091,0.7142454954954955,7104,553,554,6615,7104,low_density,0,38
0.9780785507637875,0.9863625018638703,0.648320554947061,0.9813484387952474,0.7808068594041991,0.7245095330201713,7238,1573,1574,6818,7238,low_density,0,38
0.9816552717390554,0.988263989969566,0.6563005230622919,0.9833285836420632,0.7872012775908287,0.7341835280706754,7018,1682,1683,6557,7018,low_density,0,38
0.9710342814728223,0.9825672785240436,0.6466367713004484,0.9713054021285195,0.776395843428633,0.7202613498585477,7423,1626,1627,6451,7423,low_density,0,38
0.9665048426208495,0.97946945546671,0.6519421953469304,0.968483556638246,0.7792955589586523,0.7257155907429963,6568,537,538,6889,6568,low_density,0,38
0.9842768199145867,0.9894732336866742,0.6506783719074222,0.9876438522107813,0.7845080586961751,0.728709872804361,8255,1769,1770,6501,8255,low_density,0,38
0.9695484829589236,0.9801461842660921,0.6465668157945925,0.9715037264357738,0.7764087591240876,0.7202250474937892,6843,1655,1656,6809,6843,low_density,0,38
0.9805819466136712,0.9869094963814707,0.6516978099256581,0.9851176917236143,0.78444887840861,0.7293090356871678,6585,781,782,6927,6585,low_density,0,38
0.9827826700143459,0.9887477638330402,0.6540207245011561,0.9870750937055707,0.7867518285773153,0.7324544397053121,7737,538,539,6568,7737,low_density,0,38
0.967245559186423,0.9800576666941568,0.644644557970387,0.9697798619252312,0.7744720690731302,0.7175980200599192,7677,1779,1780,6344,7677,low_density,0,38
0.9701200169852333,0.9822138257654417,0.6467636301777664,0.9712606974070762,0.7764729909118758,0.7203985183292886,7829,596,597,6671,7829,low_density,0,38
0.9748997008746251,0.9835195228259743,0.648746259415953,0.9768489745183344,0.7796862404662988,0.7239745183343692,6436,532,533,6761,6436,low_density,0,38
0.9817044126976425,0.9871260990614957,0.6547529940119761,0.9849401829697396,0.7866014724891811,0.7327938071780437,7105,1729,1730,6265,7105,low_density,0,38
0.965538537250978,0.9771822743720403,0.6460346399270739,0.9698918844943205,0.7755102040816326,0.7192418229095388,7307,274,275,6468,7307,low_density,0,38
0.9845672560335827,0.989736289594349,0.6535119108475616,0.9885555211877514,0.7868529574690712,0.7322146613052892,6466,1661,1662,6726,6466,low_density,0,38
0.9553354996832848,0.9724456394783616,0.6471907920405775,0.9583995377726419,0.7726346433770015,0.7179690885454283,6923,375,376,6665,6923,low_density,0,38
0.978625427682557,0.9857584443061137,0.6524165525955565,0.9831799428752777,0.784353440091145,0.7296889876229768,6302,1569,1570,6657,6302,low_density,0,38
0.9689436234771487,0.9810933446436226,0.6495640845776129,0.970214039814399,0.7781512605042017,0.7233947013920072,6681,859,860,6641,6681,low_density,0,38
0.9643007694054022,0.977348970320278,0.6479423250225292,0.9701649175412294,0.7769706429729243,0.7215142428785607,6670,1398,1399,6615,6670,low_density,0,38
0.9698832194794517,0.9814772503150581,0.6487834064619067,0.9716248506571087,0.7780435302559197,0.7228195937873357,6696,519,520,6900,6696,low_density,0,38
0.9801667634684865,0.9879925735620347,0.6509711037423023,0.9812910596972294,0.7827077518938316,0.727577834904313,7002,1590,1591,6904,7002,low_density,0,38
0.9748712681216383,0.9851481292012484,0.6503067484662577,0.9766123316796598,0.7807365439093484,0.7257264351523742,7055,1751,1752,6714,7055,low_density,0,38
0.9772332235271115,0.9851572972379479,0.6450570171500404,0.9823601805004786,0.7787533875338754,0.7209079721044714,7313,467,468,6665,7313,low_density,0,38
0.972050802308857,0.9820126252985187,0.6482389251997095,0.9771483305966064,0.7794149748963108,0.7234537493158183,7308,856,857,6733,7308,low_density,0,38
0.9687781747037872,0.9807195507699544,0.6483423366168838,0.9725135049253257,0.7780108039402606,0.7225135049253257,6294,1100,1101,6904,6294,low_density,0,38
0.9707918638088413,0.9819013609326351,0.6473718007522246,0.9713695801789402,0.7769459429703842,0.7211286992429456,7265,711,712,6685,7265,low_density,0,38
0.9752640816326531,0.982587787958991,0.6486946651532349,0.9797142857142858,0.7805599817892102,0.7245714285714285,7000,1646,1647,6503,7000,low_density,0,38
0.9767483384856077,0.9851832865851968,0.6484531940538368,0.9784190106692532,0.779973904218818,0.7239936954413191,8248,632,633,6887,8248,low_density,0,38
0.9721517221159376,0.982641991530277,0.6473482239496212,0.9730809051915397,0.7774757740486883,0.7214909037124686,6761,531,532,6539,6761,low_density,0,38
0.96997259877122,0.9805136020800463,0.6513801922568128,0.9747921340900092,0.7809262000422922,0.7265408473010426,7577,1082,1083,6496,7577,low_density,0,38
0.9565742615184168,0.9735061573046949,0.6423608272704978,0.9586434061241917,0.7692608908467939,0.7124557765035989,8197,1145,1146,6588,8197,low_density,0,38
0.979696283486881,0.986927049487079,0.6505686947102365,0.9824154852780806,0.7827739763223635,0.7273718647764449,7336,406,407,6677,7336,low_density,0,38
0.9719193657346594,0.9831242077019628,0.6471229888191983,0.9752054794520548,0.7779902737555325,0.7217123287671233,7300,804,805,6496,7300,low_density,0,38
0.9629306165119106,0.9766831801659611,0.6462200699488835,0.9662107803700724,0.7744639690472352,0.7186242960579243,7458,1487,1488,6656,7458,low_density,0,38
0.9722731304581443,0.9833641941181156,0.6479783425028381,0.9746486273479574,0.7784305497272346,0.7225797977144358,7613,1208,1209,6597,7613,low_density,0,38
0.9762515006639794,0.9849894453138671,0.6474052263525948,0.9789898427716711,0.7793962891165882,0.7229024627800195,7187,1259,1260,6934,7187,low_density,0,38
0.9774736456094172,0.9857480036710038,0.6456599286563615,0.9803052683407188,0.7785453597497393,0.7211554242573445,6093,547,548,6887,6093,low_density,0,38
0.969033482674317,0.9805657113955117,0.6497395833333334,0.9724387527839644,0.7789919714540589,0.7241091314031181,7184,853,854,6652,7184,low_density,0,38
0.9567069465206496,0.9734733131653861,0.6473463088399212,0.9592173802566383,0.773011160028668,0.7183331215855673,7871,381,382,6893,7871,low_density,0,38
0.9745623317973794,0.9844163209973511,0.6535895168421899,0.9757561209793567,0.7828222040344711,0.7292966874699952,8332,777,778,6885,8332,low_density,0,38
0.9558369190939531,0.973261613538898,0.6402906340201056,0.9545926695355395,0.7664720600500416,0.7091556610773112,6739,1361,1362,6701,6739,low_density,0,38
0.9772461931908997,0.9848410672811424,0.6471607314725698,0.9816058394160584,0.7800464037122969,0.7232116788321168,6850,545,546,6729,6850,low_density,0,38
0.9660521848923159,0.9787198001288575,0.6513217408784803,0.9688995215311005,0.7789865961411312,0.7251046650717703,6688,1156,1157,6874,6688,low_density,0,38
0.9851233941266289,0.9896906449504349,0.6531381111396524,0.987187783098227,0.786148613830774,0.7314611103921315,7727,1291,1292,6489,7727,low_density,1,46
0.9738290559868427,0.982713687308095,0.6515591710245981,0.9769130245389865,0.7817347353744263,0.7272397270219254,6887,546,547,6850,6887,low_density,1,46
0.9827451577381704,0.9887135783468486,0.6554109334325028,0.9837017191337352,0.7866803553095567,0.7332551908908238,8958,696,697,6405,8958,low_density,1,46
0.9571294262406134,0.9740596369503057,0.6477284174473658,0.9582712369597616,0.7729758970968323,0.7185543964232489,6710,1166,1167,5621,6710,low_density,1,46
0.96678180230423,0.979394398770446,0.6501256281407035,0.9679358717434869,0.7778195286918246,0.7235136940547762,7485,1423,1424,6910,7485,low_density,1,46
0.9757877378091915,0.9835835445122879,0.6536026810649785,0.9822327923894796,0.7849077697037451,0.7308337996642418,7148,1431,1432,6872,7148,low_density,1,46
0.9656798679768052,0.9793931417811156,0.6480133139172041,0.9696498054474708,0.7768564124945445,0.7214785992217899,6425,1326,1327,6846,6425,low_density,1,46
0.9648397572773365,0.976948801957519,0.6466547473416768,0.9673423423423423,0.7751395860357566,0.7193834459459459,7104,553,554,6615,7104,low_density,1,46
0.9832274242486597,0.9892056684313622,0.6606099935107074,0.9845261121856866,0.7906796116504854,0.7393617021276596,7238,1573,1574,6818,7238,low_density,1,46
0.9816159131902079,0.9878215063769475,0.6596333778881038,0.9844685095468795,0.7899611250857534,0.7382445141065831,7018,1682,1683,6557,7018,low_density,1,46
0.9798493687828749,0.9872910466308495,0.655786350148368,0.9824868651488616,0.7865616911130284,0.7333962009969015,7423,1626,1627,6451,7423,low_density,1,46
0.9751447565875073,0.9839420721594444,0.652756625038075,0.978836784409257,0.7832125236035816,0.7290651644336176,6568,537,538,6889,6568,low_density,1,46
0.9861954119174511,0.9899962027196555,0.6546722231126784,0.9895820714718353,0.7880190999855303,0.7337976983646275,8255,1769,1770,6501,8255,low_density,1,46
0.9716330331474285,0.9823173705469228,0.6494101589158623,0.9734034780067222,0.7790643274853801,0.7239514832675727,6843,1655,1656,6809,6843,low_density,1,46
0.9810247513821073,0.987525289477574,0.6536290322580646,0.9846621108580106,0.785701302635565,0.7314350797266514,6585,781,782,6927,6585,low_density,1,46
0.9822896876604599,0.987876702791681,0.6586546775030261,0.984619361509629,0.7893073615500181,0.7371720305027789,7737,538,539,6568,7737,low_density,1,46
0.9705718013078147,0.9813150330839577,0.6511163235166363,0.9762928227172072,0.781217427558891,0.7265859059528461,7677,1779,1780,6344,7677,low_density,1,46
0.9757830720682562,0.9847606720159926,0.6536265234807807,0.9795631626005875,0.784071158368265,0.7302337463277557,7829,596,597,6671,7829,low_density,1,46
0.9766817449314975,0.9847889947325051,0.651253999380741,0.9804226227470478,0.7826356589147286,0.7277035425730267,6436,532,533,6761,6436,low_density,1,46
0.9855135766359736,0.9899143181752019,0.6556810755298291,0.9884588318085855,0.7883924562191289,0.7346938775510204,7105,1729,1730,6265,7105,low_density,1,46
0.966339337007512,0.9783843830125318,0.648675799086758,0.9720815656220063,0.7781125047926822,0.7228000547420282,7307,274,275,6468,7307,low_density,1,46
0.9887769559375941,0.9922257104733481,0.6584514273978229,0.9916486235694402,0.7914095285114786,0.7386328487472935,6466,1661,1662,6726,6466,low_density,1,46
0.9634964198014897,0.9766796385244884,0.654829268292683,0.9695218835764842,0.7816921912304199,0.729235880398671,6923,375,376,6665,6923,low_density,1,46
0.9861378025403067,0.9905280847336257,0.6530804694048616,0.9890510948905109,0.7866969582228953,0.731831164709616,6302,1569,1570,6657,6302,low_density,1,46
0.9732425644092861,0.9830728351306793,0.6474155069582505,0.9748540637629097,0.7780897198494714,0.7219727585690765,6681,859,860,6641,6681,low_density,1,46
0.9700351773138918,0.9804335794834134,0.6531653165316532,0.9791604197901049,0.7836102945587617,0.7296101949025487,6670,1398,1399,6615,6670,low_density,1,46
0.9703312481532869,0.9807975119295749,0.6533080151908854,0.9762544802867383,0.7827805053287031,0.7290919952210275,6696,519,520,6900,6696,low_density,1,46
0.9815315956978383,0.9884226567620886,0.6534700465204595,0.9830048557554985,0.7850584545195324,0.7308626106826621,7002,1590,1591,6904,7002,low_density,1,46
0.9768743410712932,0.9859161035050884,0.6502824858757063,0.978880226789511,0.7814427157001415,0.7262225372076542,7055,1751,1752,6714,7055,low_density,1,46
0.9808598524056734,0.9878187585372548,0.6574141709276844,0.9845480650895665,0.7883931015603614,0.735744564474224,7313,467,468,6665,7313,low_density,1,46
0.9704987920653796,0.9812344132909305,0.6512928663121218,0.9719485495347564,0.7799494894037553,0.7257799671592775,7308,856,857,6733,7308,low_density,1,46
0.9720964599874652,0.9824924607302608,0.6556991774383079,0.9752144899904671,0.7841584158415842,0.7315697489672705,6294,1100,1101,6904,6294,low_density,1,46
0.9737852671147195,0.9837701673415782,0.6496885305972884,0.97618719889883,0.780155106979814,0.7249139710942877,7265,711,712,6685,7265,low_density,1,46
0.976045918367347,0.9840303643427495,0.6545905234054724,0.9808571428571429,0.7851792555320487,0.7316428571428572,7000,1646,1647,6503,7000,low_density,1,46
0.9817445383697051,0.9871779775536992,0.6537936571657968,0.9872696411251213,0.7866492778824326,0.7322381183317168,8248,632,633,6887,8248,low_density,1,46
0.9770392854727846,0.9851779383071209,0.6545903257650543,0.9807720751368141,0.7851518560179978,0.7316225410442242,6761,531,532,6539,6761,low_density,1,46
0.9729638585015755,0.982210417182608,0.6501009746246378,0.9771677444899036,0.780765580512496,0.7256169988121948,7577,1082,1083,6496,7577,low_density,1,46
0.958744669974133,0.9722878152400805,0.6507674533751444,0.9620592899841406,0.7763721388136845,0.7228864218616567,8197,1145,1146,6588,8197,low_density,1,46
0.9804749515839783,0.9867397389805163,0.6527162614119136,0.9843238822246456,0.7849339638023806,0.7303026172300982,7336,406,407,6677,7336,low_density,1,46
0.9740329517733158,0.9843199232878312,0.6503879507074395,0.976027397260274,0.780608052588332,0.7256849315068493,7300,804,805,6496,7300,low_density,1,46
0.9641017408221717,0.9771095524151112,0.6469327618537369,0.9714400643604183,0.7766521948866377,0.7206355591311343,7458,1487,1488,6656,7458,low_density,1,46
0.975493018028351,0.9840526746274333,0.6542072475212776,0.9793773807960068,0.7844292477643345,0.7308551162485223,7613,1208,1209,6597,7613,low_density,1,46
0.9801838980446603,0.987056174844809,0.6550829394866092,0.9835814665368026,0.7864056068528201,0.7328509809378043,7187,1259,1260,6934,7187,low_density,1,46
0.9798736683005406,0.986985119647496,0.650179367322535,0.9816182504513375,0.7822390792571279,0.7267355982274741,6093,547,548,6887,6093,low_density,1,46
0.9731147767589199,0.9813755455736493,0.6590930341280973,0.9812082405345212,0.7885228480340064,0.7368457683741648,7184,853,854,6652,7184,low_density,1,46
0.9665758720439376,0.9783795480407785,0.6534212554594502,0.9693812730275696,0.7806425209740127,0.727607673739042,7871,381,382,6893,7871,low_density,1,46
0.9744032544967155,0.9838499370840587,0.6557509275689627,0.9757561209793567,0.784370477568741,0.7317570811329813,8332,777,778,6885,8332,low_density,1,46
0.9571561233123944,0.9738876568388567,0.646190906353508,0.95533461937973,0.7709256376481859,0.7161299896127021,6739,1361,1362,6701,6739,low_density,1,46
0.9734622196174543,0.9824099427609939,0.6536847242557345,0.9776642335766423,0.7835039485229599,0.7298540145985402,6850,545,546,6729,6850,low_density,1,46
0.968426096300451,0.9803560001776154,0.6495401839264294,0.9715909090909091,0.7785765636232926,0.7236842105263158,6688,1156,1157,6874,6688,low_density,1,46
0.9834963526350694,0.9889487152247315,0.6548642145067033,0.9861524524394979,0.7870681196095647,0.7332082308787369,7727,1291,1292,6489,7727,low_density,2,40
0.9735058164458602,0.9831354848516947,0.6454030166202325,0.9754610135037026,0.776827012025902,0.7197618701902134,6887,546,547,6850,6887,low_density,2,40
0.9824296270641774,0.9884605411637577,0.6520744131108814,0.9860459924090199,0.7850159971560612,0.7299620450993526,8958,696,697,6405,8958,low_density,2,40
0.9624899331691249,0.9769500198707889,0.6445374800637959,0.9636363636363636,0.7724286226257316,0.7160953800298062,6710,1166,1167,5621,6710,low_density,2,40
0.9661461600555823,0.9789126901794394,0.6455392809587217,0.9715430861723446,0.77568,0.7190380761523046,7485,1423,1424,6910,7485,low_density,2,40
0.970033959432812,0.9803287170898415,0.650229250491251,0.9721600447677672,0.7792542753013737,0.7246082820369334,7148,1431,1432,6872,7148,low_density,2,40
0.9661564595981771,0.9792385705453324,0.6420770657325365,0.9699610894941634,0.7726737338044759,0.7146303501945526,6425,1326,1327,6846,6425,low_density,2,40
0.9631290093672641,0.9762009262279495,0.6483298735610492,0.9672015765765766,0.7762964636764207,0.7212837837837838,7104,553,554,6615,7104,low_density,2,40
0.9813026941487549,0.9877228169103176,0.6495625227852716,0.9846642718983144,0.7827567270730368,0.7267200884222161,7238,1573,1574,6818,7238,low_density,2,40
0.9786888634940354,0.98630130006021,0.6465063861758077,0.9809062410943289,0.779350164157138,0.7222855514391564,7018,1682,1683,6557,7018,low_density,2,40
0.9777075990860337,0.9861864487234924,0.6480163671944494,0.981409133773407,0.7806054111974283,0.7241681260945709,7423,1626,1627,6451,7423,low_density,2,40
0.9741435192740503,0.9834371758547933,0.6464778796734858,0.9767052375152253,0.778000121278273,0.7213002436053593,6568,537,538,6889,6568,low_density,2,40
0.9825006374273103,0.9884147646318161,0.6487800988678042,0.9857056329497275,0.7825167091407415,0.7260448213204119,8255,1769,1770,6501,8255,low_density,2,40
0.9675023297097343,0.979976893722067,0.6425457715780296,0.9693117053923718,0.7728067109402307,0.7150372643577378,6843,1655,1656,6809,6843,low_density,2,40
0.9815490210661469,0.9875407629279204,0.6449368975454636,0.9855732725892179,0.7796732340221048,0.7214882308276386,6585,781,782,6927,6585,low_density,2,40
0.9824139752432833,0.988313857506196,0.6492899056042181,0.986816595579682,0.7832375871973738,0.7268967299987075,7737,538,539,6568,7737,low_density,2,40
0.9693750521855543,0.9813240355662542,0.644715236366779,0.971733750162824,0.7751454696591854,0.7181190569232774,7677,1779,1780,6344,7677,low_density,2,40
0.9707124966682705,0.982110607241462,0.6484600986898077,0.9735598416145101,0.7784302711535516,0.7228892578873419,7829,596,597,6671,7829,low_density,2,40
0.9751906325551464,0.9841414102853374,0.6462738657359886,0.978247358607831,0.7783409568549883,0.7214108141702921,6436,532,533,6761,6436,low_density,2,40
0.978154266875524,0.9862702381559795,0.644598980064905,0.9784658691062632,0.7771939631078815,0.7194933145672062,7105,1729,1730,6265,7105,low_density,2,40
0.9648079443141645,0.9766192230518298,0.6447655398037078,0.9709867250581634,0.7749440227185844,0.7180101272752155,7307,274,275,6468,7307,low_density,2,40
0.9844742022536881,0.9897265476232169,0.646295733252255,0.9862356944014847,0.7808730790424294,0.7232446643983916,6466,1661,1662,6726,6466,low_density,2,40
0.9539694903153442,0.9721116440696291,0.6449106449106449,0.9591217680196447,0.7712410709100412,0.715513505705619,6923,375,376,6665,6923,low_density,2,40
0.9840395758762815,0.9894561904269236,0.6512772194304858,0.987146937480165,0.7847861738362558,0.7292922881624881,6302,1569,1570,6657,6302,low_density,2,40
0.9681452725763989,0.98002523007352,0.6484109534279432,0.9711121089657236,0.7776113141966801,0.7222721149528514,6681,859,860,6641,6681,low_density,2,40
0.9668458986398855,0.9796459076648942,0.6429919539088109,0.9704647676161919,0.773495847523451,0.7158170914542729,6670,1398,1399,6615,6670,low_density,2,40
0.9654726417026732,0.9783255086819436,0.6464495568170501,0.9693847072879331,0.7756467706279501,0.7196087216248507,6696,519,520,6900,6696,low_density,2,40
0.9800564285668248,0.9870068987473138,0.6474244279122328,0.9818623250499857,0.7803189376312355,0.7235789774350185,7002,1590,1591,6904,7002,low_density,2,40
0.9767689426150008,0.9859098209446303,0.6512593151589473,0.9785967399007796,0.7820570910738559,0.7272856130403968,7055,1751,1752,6714,7055,low_density,2,40
0.9760577553812719,0.9850590176197769,0.6478567552902875,0.9796253247641187,0.7799248816068804,0.7235744564474224,7313,467,468,6665,7313,low_density,2,40
0.9695429411470405,0.9807359971782914,0.6477345245692406,0.9722222222222222,0.7774798927613941,0.7217432950191571,7308,856,857,6733,7308,low_density,2,40
0.9658342226555998,0.9791979925396962,0.6491023053224264,0.9707658087067048,0.7779970713694531,0.722990149348586,6294,1100,1101,6904,6294,low_density,2,40
0.9722982992209677,0.9829016378169662,0.6515737161789067,0.9745354439091535,0.7809828470575257,0.7267033723331039,7265,711,712,6685,7265,low_density,2,40
0.9739791836734693,0.9832629200334538,0.6440805571240353,0.9777142857142858,0.7765800521956201,0.7187142857142857,7000,1646,1647,6503,7000,low_density,2,40
0.9802237423339144,0.9870883696768733,0.6517124939700917,0.9827837051406402,0.7837184569273905,0.7287827352085354,8248,632,633,6887,8248,low_density,2,40
0.9767849491155557,0.9849306331480215,0.6461418550272798,0.9809199822511463,0.7790895741556535,0.721860671498299,6761,531,532,6539,6761,low_density,2,40
0.9684937165883519,0.9799193121480719,0.6490409994721098,0.973604328890062,0.7788629045029827,0.7235713343011746,7577,1082,1083,6496,7577,low_density,2,40
0.9573553132839939,0.9722334798810885,0.6443349753694582,0.9574234476027815,0.7702802178927222,0.7144687080639258,8197,1145,1146,6588,8197,low_density,2,40
0.9796959118563805,0.9865642515485694,0.6475233309404164,0.9836423118865867,0.780952380952381,0.7241003271537623,7336,406,407,6677,7336,low_density,2,40
0.9738106774254081,0.9842563416969263,0.644854737985338,0.976027397260274,0.7766090795138699,0.7192465753424657,7300,804,805,6496,7300,low_density,2,40
0.9634510872398796,0.9773588851288171,0.6433722068904122,0.9690265486725663,0.7733133593708201,0.7159426119603111,7458,1487,1488,6656,7458,low_density,2,40
0.9729932151115064,0.9831697716593945,0.6453604661274893,0.9747799816104032,0.7765801590623692,0.7195586496781821,7613,1208,1209,6597,7613,low_density,2,40
0.977672503201123,0.9852849748593143,0.6481549476776207,0.9824683456240434,0.7810408716332061,0.7245721441491582,7187,1259,1260,6934,7187,low_density,2,40
0.9781112004587572,0.9857719473195043,0.6471990464839095,0.9803052683407188,0.7796632293434278,0.7229607746594453,6093,547,548,6887,6093,low_density,2,40
0.9657124794147846,0.978566890407576,0.64332685005094,0.9668708240534521,0.7725932929203048,0.7154092427616926,7184,853,854,6652,7184,low_density,2,40
0.9618031295873245,0.976097278381916,0.6456029937064126,0.9644263753017406,0.7734474502012328,0.717507305297929,7871,381,382,6893,7871,low_density,2,40
0.9753715467254406,0.9836169711228495,0.6480229135173841,0.977556409025444,0.7793885460025836,0.7232957273163706,8332,777,778,6885,8332,low_density,2,40
0.9479949419256624,0.9694253534322237,0.6399,0.9495474105950438,0.7645618017802737,0.7075975664045111,6739,1361,1362,6701,6739,low_density,2,40
0.9684189781021897,0.9794215972811965,0.6483207144243837,0.9750364963503649,0.7788013059701493,0.723065693430657,6850,545,546,6729,6850,low_density,2,40
0.9677751366083079,0.9787195343266188,0.6424916355048219,0.9762260765550239,0.7749554896142433,0.7165071770334929,6688,1156,1157,6874,6688,low_density,2,40
0.9795350024711826,0.9868224250418353,0.6504435387197315,0.9823777911888956,0.7826714107125685,0.7272178636089318,8285,126,127,9015,8285,high_density,0,49
0.9759754622374958,0.9845144662669109,0.6499189627228525,0.9798763834986345,0.7814971913332569,0.726031335345695,6957,1408,1409,7747,6957,high_density,0,49
0.9625588905836197,0.9764811052130227,0.6472148541114059,0.9650047938638543,0.7747895116670676,0.7194990412272292,8344,637,638,7865,8344,high_density,0,49
0.9840612889145317,0.9892798288374338,0.6472342733188721,0.985413513141599,0.781299438110305,0.7241640291729737,7267,633,634,8248,7267,high_density,0,49
0.979805063298895,0.9862144171618349,0.6510592696397659,0.9849108367626886,0.7839205955334988,0.7285197655568026,8019,241,242,8002,8019,high_density,0,49
0.9740959513723069,0.9835037612376907,0.6518567018987934,0.9756404871902562,0.7815408769765616,0.7272854542909142,7143,575,576,8997,7143,high_density,0,49
0.9700411482971781,0.9811321686319806,0.6496783770410688,0.9743970315398887,0.779575478699718,0.7244897959183674,8085,1237,1238,9125,8085,high_density,0,49
0.9610965535099738,0.9749239516858272,0.6400845503458877,0.9627167630057804,0.7689289012003694,0.7106936416184971,6920,1437,1438,8071,6920,high_density,0,49
0.9680742240966752,0.9795523663588454,0.6460516467065869,0.9747317899491813,0.7770650461399955,0.7203557312252964,7084,285,286,7968,7084,high_density,0,49
0.96888781822049,0.9806628119605816,0.6458455114822547,0.972463221425877,0.7761942994781212,0.7196026656607569,7953,1266,1267,8107,7953,high_density,0,49
0.9757107572643585,0.9846759744736299,0.6463000678886626,0.9789203084832905,0.7785728889797587,0.7215938303341902,7780,635,636,7742,7780,high_density,0,49
0.9433837834264032,0.9557905489886251,0.6481942714819428,0.9759756240478143,0.7790094008699312,0.7231337161607875,8533,184,185,8229,8533,high_density,0,49
0.9648205802574077,0.9786972397556157,0.6498500617392838,0.9664218258132214,0.7771332137960131,0.7228488982161595,7624,137,138,7817,7624,high_density,0,49
0.9441219936703329,0.9659249461595977,0.6498993963782697,0.9562363238512035,0.7738541666666666,0.7205560561204788,7769,1449,1450,7820,7769,high_density,0,49
0.9810674219895834,0.9874012726075356,0.651053456381682,0.9838179186949085,0.7835699690889086,0.728259439547428,7601,682,683,8322,7601,high_density,0,49
0.949210154050586,0.963886783977804,0.6483766999449729,0.9627640947823042,0.7748966553927095,0.7203221664526672,8567,737,738,8128,8567,high_density,0,49
0.9816902601119929,0.9879897885704834,0.6517134492853452,0.9858035946861162,0.784677586564379,0.7294868455326908,7678,295,296,7823,7678,high_density,0,49
0.9778880539347286,0.986053523908918,0.651803162195772,0.9799679487179487,0.7828870158967246,0.7282318376068376,7488,811,812,8348,7488,high_density,0,49
0.8551604557209384,0.9178360066391613,0.6213149978513107,0.8642993782879005,0.7229361468073404,0.6687589670014347,8364,968,969,8898,8364,high_density,0,49
0.967577335344267,0.979244080697024,0.6439708460190054,0.968906163242643,0.7737072548910935,0.7166157690172127,7204,628,629,7864,7204,high_density,0,49
0.9698581447180253,0.9811927744525287,0.649480907971142,0.9732366512854318,0.7790617909345153,0.7239947264337508,7585,167,168,8401,7585,high_density,0,49
0.9669616487322393,0.9786891327545622,0.6459220779220779,0.9761344010048674,0.7774165311991997,0.72052127492542,6369,1234,1235,8439,6369,high_density,0,49
0.9823039695196927,0.9876088164939818,0.6555106751298326,0.987504074758231,0.7879654918281528,0.7342714332282951,9203,71,72,8900,9203,high_density,0,49
0.9779012010202529,0.9853504681653782,0.6499076716468021,0.9809958190801976,0.7818448023426061,0.7262764474851134,7893,343,344,7854,7893,high_density,0,49
0.9674326884348627,0.979406327750561,0.6467123769338959,0.9682811266122664,0.7754822388531675,0.7196630692287445,7598,170,171,8155,7598,high_density,0,49
0.9634049106348039,0.9768660235000126,0.6505687115420473,0.9693012918460897,0.7785774058577406,0.7243367134324211,7199,713,714,8187,7199,high_density,0,49
0.9689038220717597,0.9800276575754545,0.6476945244956772,0.9734704926908501,0.7778498810296345,0.7219815917704385,7388,1267,1268,7953,7388,high_density,0,49
0.9726765552431231,0.98268437842381,0.6459819305753686,0.9748833871546466,0.777062777062777,0.7203085755292429,8361,844,845,8428,8361,high_density,0,49
0.9805163515949351,0.9874732303206255,0.6505852578298007,0.9853857211308098,0.7837271341463414,0.7280785816962146,8348,810,811,7810,8348,high_density,0,49
0.9842685502483423,0.9892071678986949,0.657427089533203,0.989252814738997,0.789906522960617,0.7368858751279427,7816,99,100,8742,7816,high_density,0,49
0.9801116579093511,0.9871745535729693,0.6531002695886599,0.9816993464052287,0.7843751631939004,0.7301307189542484,7650,110,111,7810,7650,high_density,0,49
0.9826588834907948,0.9892822973628407,0.6556624209340611,0.9840052015604681,0.786958556497322,0.7336150845253576,7690,509,510,7978,7690,high_density,0,49
0.9803381517189602,0.9881418388397327,0.6526481190498198,0.9811032374600528,0.7838587921847247,0.7294706127553147,7197,85,86,7886,7197,high_density,0,49
0.9700115775266582,0.980318589205869,0.652706366270917,0.9735080870050196,0.7814651071688399,0.727760736196319,7172,180,181,7931,7172,high_density,0,49
0.9818929142800322,0.988181549099873,0.6497840949982008,0.9847307430129516,0.7829385941141401,0.7269938650306749,7335,216,217,8527,7335,high_density,0,49
0.9811410765428709,0.9882500312543074,0.6509889049686445,0.9834811125956516,0.7834163804363601,0.7281064010688691,8233,121,122,8501,8233,high_density,0,49
0.9632374541514681,0.9784491687707191,0.6454491875052623,0.9640342052313883,0.7732109536537395,0.7172409456740443,7952,1146,1147,8197,7952,high_density,0,49
0.9706584980732654,0.9821042337702091,0.6450991719622569,0.9728473936401917,0.7757772245701383,0.7188180630172789,6887,631,632,8131,6887,high_density,0,49
0.9769505217690988,0.9851095663657827,0.6490268618304649,0.9822297955209348,0.7815980629539951,0.7255355404089582,8216,842,843,8081,8216,high_density,0,49
0.9611336647888877,0.9759156459308582,0.6450779510022272,0.9621312782354504,0.7723321422857448,0.7163832048897156,7526,983,984,7831,7526,high_density,0,49
0.9463090163825224,0.9682846271625609,0.6372641915755017,0.9447069339803346,0.7611111111111111,0.7034861448090921,7831,982,983,8359,7831,high_density,0,49
0.956859416267007,0.9741863087520464,0.6461351609265203,0.9596701455997938,0.7722936540854417,0.7170467723231543,7761,189,190,8632,7761,high_density,0,49
0.9830267685554762,0.9886104060157326,0.650904278782532,0.9859681945743686,0.7841428419598258,0.7285847921956434,7483,878,879,8053,7483,high_density,0,49
0.9837214444684637,0.9893765288775126,0.6487482207150632,0.9867549668874173,0.7828239454407678,0.7262480896586857,7852,355,356,7922,7852,high_density,0,49
0.9775326719215416,0.9856461002244521,0.6507055503292568,0.980161541731614,0.7821563860462487,0.7270086438996741,7057,1031,1032,8180,7057,high_density,0,49
0.987682944614904,0.9912978048316918,0.6502998800479808,0.9912237932715748,0.7853590226471583,0.7290955631399317,8204,1217,1218,7954,8204,high_density,0,49
0.9778954308133263,0.9860621676885047,0.6518158966802462,0.9786569495054659,0.7824774985692732,0.7279411764705882,7684,1666,1667,8256,7684,high_density,0,49
0.9589305772070728,0.9744823453955536,0.6449821499404998,0.9628138323069635,0.7724832533612048,0.7164258645191852,8444,307,308,8086,8444,high_density,0,49
0.9774445555390698,0.9855123225850593,0.6517571884984026,0.9801491971172083,0.7829116800484776,0.7282210140346441,7909,801,802,7951,7909,high_density,0,49
0.9606705637911784,0.976757411019592,0.6497408416059035,0.96452790818988,0.7764421815127814,0.7222874282733438,7668,1227,1228,8467,7668,high_density,0,49
0.9769328708804367,0.9855457599507792,0.6478569718253652,0.979722389861195,0.7799557989814548,0.7235968617984309,8285,126,127,9015,8285,high_density,1,28
0.9810233395562865,0.9865629006645159,0.6524842946887492,0.9853385079775765,0.7850884727710016,0.7302716688227684,6957,1408,1409,7747,6957,high_density,1,28
0.968928549021969,0.9791738768735464,0.6470728413694495,0.9762703739213806,0.7782926479721015,0.7218959731543624,8344,637,638,7865,8344,high_density,1,28
0.984247278920949,0.988496000391231,0.6561871687077316,0.9880280721067841,0.7886210115876764,0.7351726985000688,7267,633,634,8248,7267,high_density,1,28
0.9782971095848382,0.9846245665897865,0.6475275176605881,0.9830402793365757,0.780765611845689,0.7239680758199277,8019,241,242,8002,8019,high_density,1,28
0.9720877275020647,0.9820261296255847,0.6501957859407048,0.9763404731905362,0.7805697017180592,0.7255354892902142,7143,575,576,8997,7143,high_density,1,28
0.9727839678064963,0.9812566500573132,0.651404958677686,0.9748917748917749,0.7809759722566262,0.7265924551638837,8085,1237,1238,9125,8085,high_density,1,28
0.9646782176150221,0.9766792335237646,0.6520979020979021,0.9702312138728324,0.7799721189591078,0.7263005780346821,6920,1437,1438,8071,6920,high_density,1,28
0.9649390722637537,0.977176116454536,0.6495021337126601,0.9668266516092603,0.7770151454988938,0.7225437605872389,7084,285,286,7968,7084,high_density,1,28
0.9631020270620766,0.9774693446450031,0.6497758226884358,0.9657990695335094,0.7768787296449884,0.722620394819565,7953,1266,1267,8107,7953,high_density,1,28
0.9750452101823278,0.9826248543945342,0.6475333276725822,0.9802056555269922,0.779874213836478,0.7233290488431876,7780,635,636,7742,7780,high_density,1,28
0.8474729519159929,0.9106266251782643,0.6287691124967968,0.8626508848001875,0.7273715415019762,0.676667057306926,8533,184,185,8229,8533,high_density,1,28
0.964566990499984,0.9779431312841492,0.6514897002917514,0.9665529905561385,0.7783469764985477,0.7247507869884575,7624,137,138,7817,7624,high_density,1,28
0.9451066291649166,0.9650620800826328,0.6488188976377953,0.9545630068219848,0.7725402364706495,0.7189470974385378,7769,1449,1450,7820,7769,high_density,1,28
0.9802497182138751,0.9862358944112706,0.6503916449086162,0.9831601105117748,0.7828819862762558,0.7273385080910406,7601,682,683,8322,7601,high_density,1,28
0.9322260044075572,0.9568788198032655,0.6422315158210369,0.9500408544414615,0.7663841807909605,0.7104003735263219,8567,737,738,8128,8567,high_density,1,28
0.9823236347243277,0.9886541670230968,0.6503616947984844,0.9835894764261527,0.7829963711767756,0.7274029695233134,7678,295,296,7823,7678,high_density,1,28
0.9825643483276947,0.9878058563431457,0.651205773631403,0.9881143162393162,0.7850397877984084,0.7294337606837606,7488,811,812,8348,7488,high_density,1,28
0.9542152597237002,0.9638802627265906,0.6560770156438026,0.9777618364418939,0.7852513322771136,0.7326040172166427,8364,968,969,8898,8364,high_density,1,28
0.9670614542294197,0.9783735451687736,0.6548631224890218,0.9729317046085508,0.7828223599709611,0.7300805108273182,7204,628,629,7864,7204,high_density,1,28
0.9721478962442353,0.9820957972792412,0.6535370484853837,0.975609756097561,0.7827374656230167,0.7292023731048122,7585,167,168,8401,7585,high_density,1,28
0.9687395728460894,0.9788530870190457,0.6524165525955565,0.9728371800910661,0.781041220219337,0.7272727272727273,6369,1234,1235,8439,6369,high_density,1,28
0.981017716126068,0.9864626320426031,0.6536602957086188,0.98478756927089,0.785763828680423,0.7315005976312072,9203,71,72,8900,9203,high_density,1,28
0.971608721611647,0.9809307303706736,0.6479381876207273,0.9774483719751679,0.7792929292929293,0.7231724312682123,7893,343,344,7854,7893,high_density,1,28
0.9629522142573504,0.9768280794773987,0.6479344666607945,0.9681495130297447,0.7763178724077885,0.7210450118452224,7598,170,171,8155,7598,high_density,1,28
0.960511157410408,0.9754144402469587,0.6454190670879019,0.9648562300319489,0.7734535938978899,0.717391304347826,7199,713,714,8187,7199,high_density,1,28
0.9707294057235588,0.9806187317041211,0.652547741877093,0.9759068760151597,0.7821229050279329,0.7281402273957769,7388,1267,1268,7953,7388,high_density,1,28
0.9629745642028564,0.9774715092947448,0.6470400255652313,0.9686640354024638,0.775840597758406,0.7201291711517761,8361,844,845,8428,8361,high_density,1,28
0.9810871797117666,0.9874338824616182,0.6511849092494254,0.9841878294202204,0.7837824946339137,0.7284978437949209,8348,810,811,7810,8348,high_density,1,28
0.9831542490458646,0.9874297234317898,0.6552924199983023,0.9877175025588536,0.7878756952594785,0.7340711361310133,7816,99,100,8742,7816,high_density,1,28
0.9822038532188475,0.9879062843437816,0.6524859489840035,0.9864052287581699,0.7854280510018214,0.7305228758169935,7650,110,111,7810,7650,high_density,1,28
0.9810306733112262,0.986896551588987,0.6537896465301184,0.9837451235370611,0.7855251544571933,0.7314044213263979,7690,509,510,7978,7690,high_density,1,28
0.9788074975815595,0.9865526626599963,0.6467032967032967,0.9812421842434348,0.7795992714025501,0.7225927469779074,7197,85,86,7886,7197,high_density,1,28
0.9761244229511247,0.9837404308619891,0.648881080081376,0.978388176240937,0.7802735460914044,0.724484104852203,7172,180,181,7931,7172,high_density,1,28
0.9794343635416565,0.985276059346427,0.6526144382124118,0.9835037491479209,0.784599488824841,0.7299931833674165,7335,216,217,8527,7335,high_density,1,28
0.9802436297186718,0.9866674634773743,0.6549295774647887,0.9827523381513421,0.7860300189439938,0.732479047734726,8233,121,122,8501,8233,high_density,1,28
0.9760711606788618,0.9844898319500861,0.649870693251022,0.9796277665995976,0.781383218817393,0.7259180080482898,7952,1146,1147,8197,7952,high_density,1,28
0.9715877893525194,0.9820805676953386,0.6471892777938483,0.9745898068825323,0.7778421601576081,0.7216494845360825,6887,631,632,8131,6887,high_density,1,28
0.9689015273710121,0.9807771992180442,0.6506250510662636,0.9692064264849075,0.7785871425079443,0.7243792599805258,8216,842,843,8081,8216,high_density,1,28
0.9562388167824832,0.972146996820136,0.6490833932422717,0.9597395694924262,0.7744183553125336,0.7204358224820622,7526,983,984,7831,7526,high_density,1,28
0.9611646139627481,0.9744176763524521,0.6443745751189667,0.9683309922104457,0.7738149905607429,0.7169582428808581,7831,982,983,8359,7831,high_density,1,28
0.9559960872689961,0.9725481635698684,0.6423938424284356,0.9570931580981832,0.7687849306561788,0.7121504960700941,7761,189,190,8632,7761,high_density,1,28
0.9777035886001052,0.9843838904992027,0.6529887201350031,0.9824936522784979,0.7845480738448405,0.73018842710143,7483,878,879,8053,7483,high_density,1,28
0.9828275594680915,0.988545979930133,0.655924009838012,0.9849719816607234,0.7874560912284274,0.7341441670911869,7852,355,356,7922,7852,high_density,1,28
0.9761240526316921,0.9836647769336657,0.6515751744953783,0.9788862122715035,0.7823772580553825,0.7277171602664022,7057,1031,1032,8180,7057,high_density,1,28
0.984086974257839,0.9886747037247343,0.656072644721907,0.9863481228668942,0.7880027266530334,0.734641638225256,8204,1217,1218,7954,8204,high_density,1,28
0.9812250829281882,0.9864193829996922,0.6538992408557626,0.9864653826132223,0.7864702220377672,0.7321707444039562,7684,1666,1667,8256,7684,high_density,1,28
0.9542873131782922,0.9720978917709634,0.6428401049534865,0.957484604452866,0.7692307692307693,0.7127546186641402,8444,307,308,8086,8444,high_density,1,28
0.9741534125670015,0.9825873736165661,0.6497734519214633,0.9791376912378303,0.78115700812024,0.7256922493361992,7909,801,802,7951,7909,high_density,1,28
0.9655716642053679,0.9787267892981435,0.6531903673756372,0.9692227438706312,0.7804263362385803,0.7273082942097027,7668,1227,1228,8467,7668,high_density,1,28
0.9774431181844437,0.986104594578303,0.6525689474953767,0.9796016898008449,0.7833220731589615,0.7290283645141823,8285,126,127,9015,8285,high_density,2,36
0.9799408671708872,0.9866977941288556,0.6481850061605535,0.9830386660917062,0.7812428604066712,0.7247376742848929,6957,1408,1409,7747,6957,high_density,2,36
0.958054955237354,0.9746215018074892,0.6449111470113086,0.9568552253116012,0.7705076240108087,0.7150047938638543,8344,637,638,7865,8344,high_density,2,36
0.9844751365616757,0.9895772888262966,0.6488245931283906,0.9874776386404294,0.7831068914715993,0.7265033714049814,7267,633,634,8248,7267,high_density,2,36
0.9795662381280797,0.9866504509063788,0.6533178884659937,0.9846614291058735,0.7854762496891321,0.731076194039157,8019,241,242,8002,8019,high_density,2,36
0.975234391434249,0.9846361434150026,0.6525439580995137,0.9767604647907042,0.7823941687692739,0.7283354332913342,7143,575,576,8997,7143,high_density,2,36
0.9729367890406853,0.9818533850889957,0.6516798418972332,0.9788497217068646,0.7824410499777547,0.7278293135435993,8085,1237,1238,9125,8085,high_density,2,36
0.959066989792509,0.974827448259009,0.6463343677269201,0.963150289017341,0.773560817084494,0.7180635838150289,6920,1437,1438,8071,6920,high_density,2,36
0.9636263184131314,0.9774427518825634,0.6431468729365154,0.9624505928853755,0.7710489115069268,0.7142151326933935,7084,285,286,7968,7084,high_density,2,36
0.9676177987016612,0.9804405679434931,0.6474396703943496,0.9681881051175657,0.7759750075581981,0.7204828366654092,7953,1266,1267,8107,7953,high_density,2,36
0.9727301068589289,0.9826958423743897,0.6508591065292096,0.9737789203084833,0.780226570545829,0.725706940874036,7780,635,636,7742,7780,high_density,2,36
0.9679587959631264,0.9776469985873468,0.6420209488601355,0.9769131606703387,0.7748292048147976,0.7161021914918552,8533,184,185,8229,8533,high_density,2,36
0.9643758347472885,0.9785206034836119,0.6460634753638436,0.9665529905561385,0.7744613767735155,0.718520461699895,7624,137,138,7817,7624,high_density,2,36
0.9389940690084181,0.9651270746444838,0.6403508771929824,0.9396318702535719,0.7616464082633418,0.7059467112884541,7769,1449,1450,7820,7769,high_density,2,36
0.9815508560498128,0.9883646719466413,0.6491609425267368,0.9822391790553875,0.7816982514919903,0.7256939876332061,7601,682,683,8322,7601,high_density,2,36
0.9731538038748915,0.980741480096965,0.6471769521896965,0.9780553285864363,0.7789346472064702,0.7224232520135403,8567,737,738,8128,8567,high_density,2,36
0.9816736024029441,0.9877368222546252,0.6477857878475798,0.9830685074238082,0.7809622348680807,0.7242771555092472,7678,295,296,7823,7678,high_density,2,36
0.977318053615129,0.9856334068249262,0.6466801869323693,0.9794337606837606,0.7790110998990918,0.7221554487179487,7488,811,812,8348,7488,high_density,2,36
0.9500934552239437,0.9637515853626495,0.6499358563181526,0.9691535150645624,0.7780764062200038,0.7235772357723578,8364,968,969,8898,8364,high_density,2,36
0.9701975327729889,0.9807923865630453,0.6418141996714729,0.9762631871182677,0.7744741768527695,0.7157134925041644,7204,628,629,7864,7204,high_density,2,36
0.9702941438472091,0.9819560837698522,0.6496832101372756,0.9733684904416612,0.7792495646208243,0.7242584047462096,7585,167,168,8401,7585,high_density,2,36
0.9644121075251625,0.9778618650370877,0.6457808564231738,0.9660857277437588,0.774108322324967,0.7180876118699953,6369,1234,1235,8439,6369,high_density,2,36
0.9786423633478488,0.9858137876109416,0.6531511997687193,0.9819624035640552,0.7844958548548114,0.7302510051070303,9203,71,72,8900,9203,high_density,2,36
0.9708953364900546,0.9821177903532881,0.6446162898209633,0.9716204231597618,0.7750378979282466,0.7179779551501331,7893,343,344,7854,7893,high_density,2,36
0.9652064822755411,0.978472855415298,0.6489803125275889,0.9674914451171361,0.7768560105680317,0.7220979205053961,7598,170,171,8155,7598,high_density,2,36
0.9660812905961282,0.978389483541677,0.6428966279712548,0.9693012918460897,0.7730571096216695,0.7154465898041394,7199,713,714,8187,7199,high_density,2,36
0.9714682408353851,0.9822262325208234,0.6468104222821204,0.9744179750947483,0.7775137703855708,0.7211694639956686,7388,1267,1268,7953,7388,high_density,2,36
0.9689379162150442,0.9805161528855745,0.648605577689243,0.9735677550532233,0.778537611783272,0.7230594426504007,8361,844,845,8428,8361,high_density,2,36
0.983131667182864,0.9894173360425248,0.6513819592935772,0.9852659319597509,0.7842669845053635,0.7289770004791567,8348,810,811,7810,8348,high_density,2,36
0.9813120610400522,0.9870495272747756,0.6486463692333643,0.984007164790174,0.7818838001321609,0.7254989764585466,7816,99,100,8742,7816,high_density,2,36
0.9798214874620873,0.987361396992405,0.6554614511481708,0.9813071895424836,0.7859498508087734,0.7327450980392157,7650,110,111,7810,7650,high_density,2,36
0.982697235698668,0.9887023094404183,0.6511208451430044,0.9858257477243173,0.784254900946568,0.7288036410923276,7690,509,510,7978,7690,high_density,2,36
0.9801883451932338,0.9872434355507658,0.6512848853274386,0.9824927052938724,0.7833167165171153,0.728220091704877,7197,85,86,7886,7197,high_density,2,36
0.9790838737682548,0.9857313178312179,0.6478963806724233,0.9834076965978806,0.7811496289733082,0.724484104852203,7172,180,181,7931,7172,high_density,2,36
0.9833451497591411,0.9888981176442501,0.6543891402714932,0.9858214042263121,0.7866195267881425,0.7325835037491479,7335,216,217,8527,7335,high_density,2,36
0.9826617908993897,0.9885140930256413,0.6518839881095846,0.9855459735211952,0.7847195357833656,0.7296246811611806,8233,121,122,8501,8233,high_density,2,36
0.9773100689144931,0.9852273605766303,0.647014863406128,0.9798792756539235,0.779394848712178,0.7226483903420523,7952,1146,1147,8197,7952,high_density,2,36
0.9705431826331975,0.9821295139992854,0.6450899297874387,0.9738638013648904,0.7760934968757233,0.7190358646725715,6887,631,632,8131,6887,high_density,2,36
0.9710049927516927,0.981793128874991,0.6451143619170775,0.9715189873417721,0.77536548642479,0.7185370009737099,8216,842,843,8081,8216,high_density,2,36
0.9586899439547649,0.9749180620687442,0.6432883522727273,0.9627956417751794,0.771261309207025,0.7144565506245018,7526,983,984,7831,7526,high_density,2,36
0.955503684730821,0.9718500834401301,0.645743766122098,0.9590090665304559,0.7718000102769642,0.7164474524326395,7831,982,983,8359,7831,high_density,2,36
0.9663817851975494,0.9785360804808779,0.6446578631452581,0.968689601855431,0.77413375894558,0.7173688957608556,7761,189,190,8632,7761,high_density,2,36
0.9785440253732774,0.9856574176528552,0.6560293197461339,0.9807563811305626,0.7861810391001607,0.733262060670854,7483,878,879,8053,7483,high_density,2,36
0.9844582510135934,0.9894712101720373,0.6471619365609349,0.9873917473255222,0.7818676885841065,0.7245287824758023,7852,355,356,7922,7852,high_density,2,36
0.9797196753037257,0.9862830157827086,0.6479850046860356,0.9797364319115771,0.7800530264568173,0.7237494686127249,7057,1031,1032,8180,7057,high_density,2,36
0.9858260267612736,0.9900937419755641,0.6543329302700523,0.9893954168698196,0.7877141054878937,0.7333617747440273,8204,1217,1218,7954,8204,high_density,2,36
0.9775351562404733,0.9858538065512334,0.6502599653379549,0.9765747006767309,0.7806908031627132,0.7256637168141593,7684,1666,1667,8256,7684,high_density,2,36
0.9576003108842474,0.9740773638479026,0.6440180765876476,0.9619848413074372,0.7715249085814694,0.7151231643770725,8444,307,308,8086,8444,high_density,2,36
0.9746575108907699,0.9834109631110214,0.6500587149807079,0.9798963206473638,0.7816045585194897,0.7261980022758883,7909,801,802,7951,7909,high_density,2,36
0.9618449445003645,0.977662124576869,0.6477332399789952,0.9651799687010955,0.7752173457630669,0.7201356285863328,7668,1227,1228,8467,7668,high_density,2,36
