Model,Epoch,EpochTrainSec,ValLoss
GAT,1.0,1.5269546000054106,1.0523347589704726
GAT,2.0,1.4450288000225555,1.0417785909440782
GAT,3.0,2.144764299999224,1.0245327949523926
GAT,4.0,2.3498409000167158,0.9982594781451755
GAT,5.0,2.6852908000000753,0.977356665664249
GAT,6.0,2.5853365999937523,0.9384387532869974
GAT,7.0,2.326267900003586,0.9174070424503751
GAT,8.0,2.2704633999965154,0.9354507856898837
GAT,9.0,2.2823865999816917,0.897757093111674
GAT,10.0,2.2359773000061978,0.8929307725694444
GAT,11.0,2.284759500005748,0.8769037127494812
GAT,12.0,2.3122159000195097,0.8592772682507833
GAT,13.0,2.3309356000099797,0.8494628336694505
GAT,14.0,2.419365599984303,0.8674473563830057
GAT,15.0,2.3354237000166904,0.8501085837682089
GAT,16.0,2.3183047999918927,0.861264255311754
GAT,17.0,2.3349773999943864,0.8431557681825426
GAT,18.0,2.354284800007008,0.8458065523041619
GAT,19.0,2.2916933999804314,0.8356350395414565
GAT,20.0,2.3608649999951012,0.8373187714152865
GAT,21.0,2.3363288000109605,0.8445365296469795
GAT,22.0,2.333615000010468,0.8359265989727445
GAT,23.0,2.3309863000176847,0.8363421360651652
GAT,24.0,2.309320400003344,0.8384107152620951
GAT,25.0,2.313201900018612,0.840246942308214
GAT,26.0,2.362978999997722,0.8558196690347459
GAT,27.0,2.3084131999930833,0.8365000486373901
Diffusion,1.0,2.7616824000142515,1.0783152182896931
Diffusion,2.0,2.4066184000112116,1.0463350613911946
Diffusion,3.0,2.3727003000094555,1.0377876493665907
Diffusion,4.0,2.7485027999791782,1.0306505097283258
Diffusion,5.0,2.6805337999830954,1.029067291153802
Diffusion,6.0,2.414449700008845,1.021808750099606
Diffusion,7.0,2.4091883999935817,1.0201428400145636
Diffusion,8.0,2.401790100004291,1.0162232981787787
Diffusion,9.0,2.42036790002021,1.0089664790365431
Diffusion,10.0,2.4494691000145394,1.0123788317044575
Diffusion,11.0,2.4536510999896564,0.9998626907666525
Diffusion,12.0,2.41776059998665,1.0049619012408786
Diffusion,13.0,2.427293400018243,1.0023282567660015
Diffusion,14.0,2.38986890000524,1.0068188839488559
Diffusion,15.0,2.4052924000134226,1.0003567536671956
Diffusion,16.0,2.4090166999958456,1.0063909822040134
Diffusion,17.0,2.3565595999825746,0.9991056720415751
Diffusion,18.0,2.3484038000169676,1.0041794512006972
Diffusion,19.0,2.406254000001354,0.9981306791305542
DiffusionGAT,1.0,4.725021899997955,1.1576177014244928
DiffusionGAT,2.0,3.697649400011869,1.1295534372329712
DiffusionGAT,3.0,3.688309199991636,1.1003593736224704
DiffusionGAT,4.0,3.700068799982546,1.0872875849405925
DiffusionGAT,5.0,3.7057738000003155,1.092296494377984
DiffusionGAT,6.0,3.690903899987461,1.069422231780158
DiffusionGAT,7.0,4.167076199984876,1.0554763476053874
DiffusionGAT,8.0,3.844217200006824,1.0711788071526422
DiffusionGAT,9.0,3.69782169998507,1.0416725211673312
DiffusionGAT,10.0,3.9568857999984175,1.0468104283014934
DiffusionGAT,11.0,3.7150245000084396,1.03347737259335
DiffusionGAT,12.0,3.7350806999893393,1.0396193265914917
DiffusionGAT,13.0,3.723990099999355,1.0412494473987155
DiffusionGAT,14.0,3.7305823999922723,1.036371456252204
DiffusionGAT,15.0,3.7353029000223614,1.0314067999521892
DiffusionGAT,16.0,3.7544745999912266,1.0304393238491483
DiffusionGAT,17.0,3.7518347000004724,1.0499858723746405
DiffusionGAT,18.0,3.7422545999870636,1.0201756556828816
DiffusionGAT,19.0,3.769445000012638,1.180273003048367
DiffusionGAT,20.0,4.001723099994706,1.0480571587880452
DiffusionGAT,21.0,3.7813854000123683,1.0173510710398357
DiffusionGAT,22.0,3.73832279999624,1.0247190528445773
DiffusionGAT,23.0,3.7770809999783523,1.011811031235589
DiffusionGAT,24.0,4.212849199975608,1.000387383831872
DiffusionGAT,25.0,4.30985759999021,0.9936244289080302
DiffusionGAT,26.0,3.8055924999935087,0.9934189253383212
DiffusionGAT,27.0,3.817376399994828,1.0104760196473863
DiffusionGAT,28.0,3.835377500014147,1.0135428971714444
DiffusionGAT,29.0,3.787636900000507,1.0271187358432345
DiffusionGAT,30.0,3.720701399986865,1.0069164368841383
Transformer,1.0,69.20391059998656,2.278819349077013
Transformer,2.0,70.75618299999041,1.3857632213168674
Transformer,3.0,71.03923540000687,1.0627715322706435
Transformer,4.0,71.14654660000815,0.9579156902101305
Transformer,5.0,68.53934650000883,0.9013446503215365
Transformer,6.0,68.21845949999988,0.8668418592876859
Transformer,7.0,67.39681619999465,0.8468274407916598
Transformer,8.0,68.9031621000031,0.8268369833628336
Transformer,9.0,68.8450232000032,0.8163777258661058
Transformer,10.0,70.16841690000729,0.8077783054775662
Transformer,11.0,71.40230250000604,0.8005476593971252
Transformer,12.0,69.63244059999124,0.7933166556888156
Transformer,13.0,69.87060920000658,0.7919277747472128
Transformer,14.0,68.01528589997906,0.7885320848888822
Transformer,15.0,68.93872579999152,0.7848291198412577
Transformer,16.0,67.74457509999047,0.7811013129022386
Transformer,17.0,68.15610399999423,0.7753405438529121
Transformer,18.0,68.77779950000695,0.7754042016135322
Transformer,19.0,68.86672079999698,0.7777389817767673
Transformer,20.0,67.80935460000183,0.7730832099914551
Transformer,21.0,67.81631169997854,0.7760595281918844
Transformer,22.0,68.64298110001255,0.770118965042962
Transformer,23.0,71.09893920001923,0.771237227651808
Transformer,24.0,68.1485440999968,0.7724069356918335
Transformer,25.0,69.38633010000922,0.7775237229135301
Transformer,26.0,69.98234019998927,0.771383888191647
Transformer,27.0,68.92254629998934,0.7699612908893161
Transformer,28.0,68.01937210001051,0.768942031595442
Transformer,29.0,68.90618849999737,0.7672875788476732
Transformer,30.0,69.30044449999696,0.7722065647443136
TransformerGAT,1.0,67.2575939000235,1.0768421093622844
TransformerGAT,2.0,68.3314503999718,1.0286340845955744
TransformerGAT,3.0,69.88864449999528,0.9999268982145522
TransformerGAT,4.0,68.4463676000014,0.9837782184282938
TransformerGAT,5.0,67.93780820001848,0.952884727054172
TransformerGAT,6.0,67.63664380001137,0.9150447779231601
TransformerGAT,7.0,67.43736549999448,0.9348295662138197
TransformerGAT,8.0,67.36388140000054,0.891914168993632
TransformerGAT,9.0,67.92637540001306,0.882449832227495
TransformerGAT,10.0,68.94560750000528,0.8859413531091478
TransformerGAT,11.0,69.1334199999983,0.8838340308931139
TransformerGAT,12.0,67.77511519999825,0.8784300486246744
TransformerGAT,13.0,67.11880369999562,0.8672874371210734
TransformerGAT,14.0,66.46253549997346,0.8685348100132413
TransformerGAT,15.0,68.24823530000867,0.9201404717233446
TransformerGAT,16.0,69.4066072999849,0.9024837017059326
TransformerGAT,17.0,68.60714639999787,0.8812719715966119
TransformerGAT,18.0,70.25091360000079,0.8443469471401639
TransformerGAT,19.0,88.27119500000845,0.8334540261162652
TransformerGAT,20.0,75.33515800000168,0.8871574269400703
TransformerGAT,21.0,76.34906160001992,1.0097176366382175
TransformerGAT,22.0,76.71458510000957,0.9332771632406447
TransformerGAT,23.0,74.35356610000599,0.8876837293306986
TransformerGAT,24.0,71.41628510001465,0.8848985764715407
TransformerGAT,25.0,68.08789259998593,0.877493268913693
TransformerGAT,26.0,68.25931970000966,0.8740656971931458
TransformerGAT,27.0,68.4982473999844,0.88074924548467
